road,red_time,green_time,amber_time,red_amber_time
Road_Top_Junction_0_0_Left_Junction_0_1,19.064311900015745,10.621546288310936,3.616316617980451,3.949038061556669
Road_Junction_0_1_Junction_0_2,14.090283288027788,14.282536667736005,4.072881812264526,2.5898383600117203
Road_Junction_0_0_Junction_1_0,16.893263498755765,14.08689793806694,3.498754175738038,2.8766264853344983
